<?xml version="1.0" encoding="UTF-8" standalone="yes"?>
<addon id="plugin.video.dramasonline"
       name="DramasOnline.com"
       version="1.6.0"
       provider-name="shani">
  <requires>
    <import addon="xbmc.python" version="2.0"/>
    <import addon="script.module.beautifulsoup" version="3.0.8"/>
  </requires>
  <extension point="xbmc.python.pluginsource"
            library="default.py">
        <provides>video</provides>
  </extension>
  <extension point="xbmc.addon.metadata">
    <summary>dramasonline.com XBMC Client</summary>
    <description>Watch dramasonline.com on your XBMC. This plugin fetches the video sources from dramasonline.com and play on XBMC compatible plateforms</description>
    <platform>all</platform>
  </extension>
</addon>
