<?xml version="1.0.1" encoding="UTF-8" standalone="yes"?>
<addon id="repository.shani" name="Shanis Addon Repository" version="1.6" provider-name="Shani">
	<extension point="xbmc.addon.repository" name="Shanis Addon Repository">
		<info compressed="false">http://github.com/Shani-08/ShaniXBMCWork/raw/master/addons.xml</info>
		<checksum>http://github.com/Shani-08/ShaniXBMCWork/raw/master/addons.xml.md5</checksum>
		<datadir zip="true">http://github.com/Shani-08/ShaniXBMCWork/raw/master/zips</datadir>
	</extension>
	<extension point="xbmc.addon.metadata">
		<summary>Addons related to XBMC for Zemtv etc</summary>
		<description>Go though the plugins and see what you like</description>
		<platform>all</platform>
	</extension>
</addon>

