<?xml version="1.0" encoding="UTF-8" standalone="yes"?>
<addon id="plugin.video.shahidmbcnet"
       name="ShahidMBC.net"
       version="1.0.1"
       provider-name="shani">
  <requires>
    <import addon="xbmc.python" version="2.1.0"/>

  </requires>
  <extension point="xbmc.python.pluginsource"
            library="default.py">
        <provides>video</provides>
  </extension>
  <extension point="xbmc.addon.metadata">
    <summary>ShahidMBC.net XBMC Client</summary>
    <description>Watch ShahidMBC.net on your XBMC. This plugin fetches the video sources from ShahidMBC.net and play on XBMC compatible plateforms</description>
    <platform>all</platform>
  </extension>
</addon>
